City_ID,City,Country,Date,Lat,Lng,Max Temp,Humidity,Cloudiness,Wind Speed
0,Constitucion,CL,2021-03-01 23:02:15,-35.3333,-72.4167,64.44,76,3,3.09
1,Homer,US,2021-03-01 23:02:16,59.6425,-151.5483,27.0,80,90,4.79
2,Atuona,PF,2021-03-01 23:02:16,-9.8,-139.0333,79.95,73,12,13.51
3,Busselton,AU,2021-03-01 23:02:16,-33.65,115.3333,66.0,87,92,1.99
4,Muromtsevo,RU,2021-03-01 23:02:17,56.3724,75.2418,-1.7,98,86,0.94
5,Tuktoyaktuk,CA,2021-03-01 23:02:17,69.4541,-133.0374,-27.4,68,75,12.66
6,Hermanus,ZA,2021-03-01 23:02:17,-34.4187,19.2345,68.0,78,36,7.31
7,Vao,NC,2021-03-01 23:02:18,-22.6667,167.4833,77.43,75,20,11.68
8,Bluff,NZ,2021-03-01 23:02:18,-46.6,168.3333,71.01,80,66,1.99
9,Dharchula,IN,2021-03-01 23:02:18,29.85,80.5333,49.26,35,0,7.81
10,Kholodnyy,RU,2021-03-01 23:02:19,62.7167,147.95,-19.86,82,96,2.82
11,Bengkulu,ID,2021-03-01 23:02:19,-3.8004,102.2655,76.39,83,99,4.29
12,Mar Del Plata,AR,2021-03-01 23:02:19,-38.0023,-57.5575,73.4,83,20,11.5
13,Saint-Philippe,RE,2021-03-01 23:02:20,-21.3585,55.7679,75.0,64,0,2.3
14,Hualmay,PE,2021-03-01 23:01:50,-11.0964,-77.6139,76.17,63,23,6.76
15,Necochea,AR,2021-03-01 23:02:20,-38.5473,-58.7368,75.99,76,66,1.01
16,Ushuaia,AR,2021-03-01 22:59:14,-54.8,-68.3,51.8,40,20,10.36
17,Castro,BR,2021-03-01 22:57:38,-24.7911,-50.0119,63.28,95,98,5.12
18,Thompson,CA,2021-03-01 23:00:30,55.7435,-97.8558,1.4,71,90,6.91
19,Qaqortoq,GL,2021-03-01 23:02:22,60.7167,-46.0333,21.2,63,0,2.3
20,Rikitea,PF,2021-03-01 23:02:22,-23.1203,-134.9692,78.53,62,24,5.97
21,Camacha,PT,2021-03-01 23:02:22,33.0833,-16.3333,55.4,71,20,4.61
22,Pevek,RU,2021-03-01 23:02:22,69.7008,170.3133,-25.28,96,9,2.28
23,Ligayan,PH,2021-03-01 23:02:23,4.6533,119.4706,82.35,81,0,13.73
24,Tomari,RU,2021-03-01 23:02:23,47.7658,142.0683,13.93,84,100,6.82
25,Fairbanks,US,2021-03-01 22:59:59,64.8378,-147.7164,6.01,85,90,2.84
26,Kruisfontein,ZA,2021-03-01 23:02:24,-34.0033,24.7314,69.01,94,100,1.99
27,Minas,UY,2021-03-01 23:02:24,-34.3759,-55.2377,73.4,83,40,17.27
28,Jamestown,US,2021-03-01 23:00:09,42.097,-79.2353,25.0,89,90,20.13
29,Vanimo,PG,2021-03-01 23:02:25,-2.6741,141.3028,79.41,82,99,3.24
30,Ust-Tsilma,RU,2021-03-01 23:02:25,65.441,52.1498,26.58,98,85,4.12
31,Sakakah,SA,2021-03-01 23:02:25,29.9697,40.2064,53.6,43,0,6.91
32,Chokurdakh,RU,2021-03-01 23:02:25,70.6333,147.9167,-28.21,95,0,5.75
33,Hambantota,LK,2021-03-01 23:02:26,6.1241,81.1185,73.24,77,0,10.67
34,Punta Arenas,CL,2021-03-01 23:02:26,-53.15,-70.9167,55.4,38,0,17.27
35,Iqaluit,CA,2021-03-01 23:02:26,63.7506,-68.5145,3.2,72,90,16.11
36,Lorengau,PG,2021-03-01 23:01:16,-2.0226,147.2712,82.08,80,95,13.4
37,Victoria,HK,2021-03-01 23:02:27,22.2855,114.1577,66.99,80,64,5.99
38,Uniontown,US,2021-03-01 23:02:27,39.9001,-79.7164,41.0,37,99,5.01
39,Hobart,AU,2021-03-01 23:02:28,-42.8794,147.3294,55.99,54,75,8.05
40,Ambovombe,MG,2021-03-01 23:02:28,-25.1667,46.0833,72.73,83,95,17.96
41,Flinders,AU,2021-03-01 23:02:28,-34.5833,150.8552,63.0,86,88,1.01
42,Arraial Do Cabo,BR,2021-03-01 23:00:07,-22.9661,-42.0278,77.0,83,40,10.36
43,Lebu,CL,2021-03-01 23:02:28,-37.6167,-73.65,62.76,83,10,22.21
44,Half Moon Bay,US,2021-03-01 23:02:29,37.4636,-122.4286,69.8,18,1,19.57
45,Bredasdorp,ZA,2021-03-01 23:02:29,-34.5322,20.0403,66.2,88,63,4.61
46,Bambous Virieux,MU,2021-03-01 23:02:29,-20.3428,57.7575,78.8,78,40,8.05
47,Tura,IN,2021-03-01 23:02:30,25.5198,90.2201,65.26,27,0,3.36
48,Vardo,NO,2021-03-01 23:02:30,70.3705,31.1107,24.8,74,40,18.41
49,Dikson,RU,2021-03-01 23:02:30,73.5069,80.5464,-19.43,86,20,14.5
50,Aksum,ET,2021-03-01 23:02:31,14.1245,38.7244,53.65,85,0,1.54
51,Aklavik,CA,2021-03-01 23:02:31,68.2191,-135.0107,-22.0,69,86,6.91
52,Provideniya,RU,2021-03-01 23:02:31,64.3833,-173.3,-4.0,77,75,24.61
53,Georgetown,MY,2021-03-01 23:00:49,5.4112,100.3354,80.01,88,40,4.65
54,Forio,IT,2021-03-01 23:02:32,40.7342,13.8646,51.8,71,0,5.75
55,Emba,KZ,2021-03-01 23:02:32,48.8264,58.1442,-1.48,93,97,7.23
56,Kuopio,FI,2021-03-01 23:00:04,62.8924,27.677,35.6,64,0,14.97
57,New Norfolk,AU,2021-03-01 23:02:32,-42.7826,147.0587,55.99,63,62,1.99
58,Nanortalik,GL,2021-03-01 23:02:33,60.1432,-45.2371,24.44,84,4,4.09
59,Holbeach,GB,2021-03-01 23:02:33,52.804,0.0144,37.99,89,0,4.0
60,Vaini,TO,2021-03-01 23:02:34,-21.2,-175.2,82.4,74,75,19.57
61,Gurupi,BR,2021-03-01 23:01:31,-11.7292,-49.0686,74.48,89,85,0.78
62,Beinamar,TD,2021-03-01 23:02:34,8.6698,15.3813,79.23,18,1,2.33
63,Fortuna,US,2021-03-01 22:59:33,40.5982,-124.1573,60.01,59,16,3.0
64,Pingliang,CN,2021-03-01 23:02:35,35.5392,106.6861,31.89,82,60,2.35
65,Cape Town,ZA,2021-03-01 23:02:35,-33.9258,18.4232,68.0,88,90,19.57
66,Port Hardy,CA,2021-03-01 23:02:35,50.6996,-127.4199,44.6,87,75,3.44
67,Torbay,CA,2021-03-01 23:02:35,47.6666,-52.7314,28.99,100,40,3.44
68,Albany,US,2021-03-01 23:02:36,42.6001,-73.9662,33.01,51,46,1.99
69,Birjand,IR,2021-03-01 23:02:36,32.8663,59.2211,51.8,46,90,6.91
70,Trebur,DE,2021-03-01 23:02:37,49.9311,8.4161,48.2,57,1,10.36
71,Comodoro Rivadavia,AR,2021-03-01 23:02:37,-45.8667,-67.5,60.8,67,75,3.44
72,Port-Gentil,GA,2021-03-01 23:02:37,-0.7193,8.7815,77.0,94,20,9.89
73,Balikpapan,ID,2021-03-01 23:02:38,-1.2675,116.8289,76.48,85,93,2.68
74,Kudahuvadhoo,MV,2021-03-01 23:02:38,2.6708,72.8944,81.43,73,73,11.48
75,Itarema,BR,2021-03-01 23:02:38,-2.9248,-39.9167,78.94,79,96,10.94
76,Ponta Do Sol,PT,2021-03-01 23:02:39,32.6667,-17.1,59.0,67,40,3.44
77,Mataura,NZ,2021-03-01 23:02:39,-46.1927,168.8643,71.01,80,41,1.99
78,Sambava,MG,2021-03-01 23:02:40,-14.2667,50.1667,75.74,87,45,6.55
79,Piacabucu,BR,2021-03-01 23:02:40,-10.4056,-36.4344,78.75,76,20,11.01
80,Codrington,AU,2021-03-01 23:02:40,-38.2667,141.9667,57.06,56,100,13.11
81,Kapaa,US,2021-03-01 23:02:41,22.0752,-159.319,75.2,64,20,23.02
82,Iquique,CL,2021-03-01 23:02:41,-20.2208,-70.1431,77.0,53,0,17.27
83,Parabel,RU,2021-03-01 23:02:42,58.6978,81.4825,-17.37,95,92,5.97
84,Sao Filipe,CV,2021-03-01 23:02:42,14.8961,-24.4956,68.29,73,39,10.38
85,Leh,IN,2021-03-01 23:02:42,34.1667,77.5833,5.67,59,0,2.44
86,Saint-Augustin,CA,2021-03-01 23:02:42,51.226,-58.6502,26.49,97,100,10.65
87,Diu,IN,2021-03-01 23:02:43,20.7141,70.9822,72.23,27,0,6.51
88,Gravdal,NO,2021-03-01 23:02:43,68.1214,13.5031,37.69,81,97,20.11
89,Hithadhoo,MV,2021-03-01 23:02:44,-0.6,73.0833,81.73,70,84,9.1
90,Barrow,US,2021-03-01 23:02:44,71.2906,-156.7887,-18.4,69,1,11.5
91,Santa Rosa,PH,2021-03-01 23:02:44,14.3122,121.1114,81.0,83,20,3.44
92,Santa Vitoria Do Palmar,BR,2021-03-01 23:02:44,-33.5189,-53.3681,72.41,87,64,12.57
93,Beloha,MG,2021-03-01 23:02:45,-25.1667,45.05,74.46,84,88,15.68
94,Xiamen,CN,2021-03-01 23:02:45,24.4798,118.0819,66.2,77,90,15.66
95,Jining,CN,2021-03-01 23:02:45,35.405,116.5814,30.67,93,0,4.09
96,Batemans Bay,AU,2021-03-01 23:00:18,-35.7167,150.1833,64.0,44,98,3.0
97,Ahipara,NZ,2021-03-01 23:02:46,-35.1667,173.1667,72.91,72,6,8.55
98,Fonte Boa,BR,2021-03-01 23:02:46,-2.4959,-66.2662,74.98,98,33,1.63
99,Timra,SE,2021-03-01 23:02:46,62.487,17.3257,39.2,75,65,9.22
100,Talcahuano,CL,2021-03-01 23:02:46,-36.7167,-73.1167,67.32,69,50,13.31
101,Talnakh,RU,2021-03-01 23:02:46,69.4865,88.3972,-31.49,84,1,8.59
102,Nikolskoye,RU,2021-03-01 23:02:47,59.7035,30.7861,39.2,70,0,11.18
103,Williston,US,2021-03-01 23:01:28,48.147,-103.618,54.0,28,1,12.66
104,Cabra,ES,2021-03-01 23:02:47,37.4725,-4.4421,55.0,73,90,2.68
105,Kodiak,US,2021-03-01 23:02:48,57.79,-152.4072,39.2,60,75,18.41
106,Mount Gambier,AU,2021-03-01 23:02:48,-37.8333,140.7667,55.4,67,90,10.36
107,Gbarnga,LR,2021-03-01 23:02:48,6.9956,-9.4722,72.55,88,7,2.24
108,Labytnangi,RU,2021-03-01 23:02:48,66.6572,66.4183,1.35,93,100,10.83
109,Margate,GB,2021-03-01 23:00:52,51.3813,1.3862,42.01,84,0,10.85
110,Santa Barbara,US,2021-03-01 23:00:56,34.7333,-120.0343,68.0,13,1,11.5
111,Sur,OM,2021-03-01 23:02:49,22.5667,59.5289,71.46,60,0,7.63
112,East London,ZA,2021-03-01 23:02:50,-33.0153,27.9116,72.41,76,0,20.98
113,Coahuayana,MX,2021-03-01 23:02:50,18.7333,-103.6833,82.4,57,1,13.8
114,Butaritari,KI,2021-03-01 23:02:50,3.0707,172.7902,80.69,80,99,16.28
115,Port Elizabeth,ZA,2021-03-01 23:02:51,-33.918,25.5701,68.0,88,20,9.22
116,Mount Isa,AU,2021-03-01 23:02:51,-20.7333,139.5,87.8,42,63,1.14
117,Dingle,PH,2021-03-01 23:02:51,10.9995,122.6711,77.02,88,72,6.69
118,Herat,AF,2021-03-01 23:02:52,34.5,62.0,51.87,47,100,7.4
119,Sivas,TR,2021-03-01 23:02:52,39.7916,37.0019,17.6,86,0,4.61
120,Rundu,NA,2021-03-01 23:02:52,-17.9333,19.7667,62.65,91,51,5.55
121,Hilo,US,2021-03-01 23:00:44,19.7297,-155.09,77.0,65,75,16.11
122,Avarua,CK,2021-03-01 23:02:53,-21.2078,-159.775,82.4,74,20,9.22
123,Fort Nelson,CA,2021-03-01 23:02:53,58.8053,-122.7002,-2.2,71,75,4.61
124,Vanavara,RU,2021-03-01 23:02:53,60.34,102.2797,-29.49,85,94,4.03
125,Samarai,PG,2021-03-01 23:02:53,-10.6167,150.6667,83.16,75,99,9.53
126,Carahue,CL,2021-03-01 23:02:53,-38.7,-73.1667,77.0,61,0,10.36
127,Haapiti,PF,2021-03-01 23:02:54,-17.5667,-149.8667,86.0,74,20,5.75
128,Apomu,NG,2021-03-01 23:02:16,7.3333,4.1833,76.46,86,25,4.03
129,Port Alfred,ZA,2021-03-01 23:02:54,-33.5906,26.891,71.33,84,66,11.72
130,Saldanha,ZA,2021-03-01 23:02:54,-33.0117,17.9442,62.6,94,0,8.05
131,Makasar,ID,2021-03-01 23:02:55,-5.14,119.4221,73.4,100,20,3.44
132,Namibe,AO,2021-03-01 23:02:55,-15.1961,12.1522,73.69,72,45,7.23
133,Touros,BR,2021-03-01 23:02:55,-5.1989,-35.4608,75.2,94,75,3.44
134,Miri,MY,2021-03-01 23:02:56,4.4148,114.0089,77.0,100,40,4.09
135,Puerto Ayora,EC,2021-03-01 23:02:56,-0.7393,-90.3518,86.0,66,40,6.91
136,Garh Maharaja,PK,2021-03-01 23:02:56,30.8339,71.9053,56.95,33,0,3.47
137,The Valley,AI,2021-03-01 23:02:37,18.217,-63.0578,77.0,61,40,11.5
138,Anloga,GH,2021-03-01 23:02:57,5.7947,0.8973,84.2,84,20,10.36
139,Bethel,US,2021-03-01 23:02:57,41.3712,-73.414,39.2,41,1,11.5
140,Longyearbyen,SJ,2021-03-01 23:02:57,78.2186,15.6401,21.2,68,75,3.44
141,Souillac,MU,2021-03-01 23:01:03,-20.5167,57.5167,78.8,78,40,8.05
142,Shingu,JP,2021-03-01 23:00:55,33.7333,135.9833,62.6,94,75,20.71
143,Esperance,AU,2021-03-01 23:02:57,-33.8667,121.9,60.8,94,98,12.66
144,Zomin,UZ,2021-03-01 23:02:58,39.9606,68.3958,44.91,53,100,2.53
145,Seddon,AU,2021-03-01 23:02:58,-37.8068,144.8916,60.01,58,90,10.36
146,Mandalgovi,MN,2021-03-01 23:02:58,45.7625,106.2708,16.9,74,0,11.56
147,Axim,GH,2021-03-01 23:02:59,4.8699,-2.2405,79.32,87,21,6.55
148,Ribeira Grande,PT,2021-03-01 23:02:59,38.5167,-28.7,57.36,60,87,11.32
149,Laguna,US,2021-03-01 23:02:59,38.421,-121.4238,70.0,21,1,2.51
150,Cherskiy,RU,2021-03-01 23:03:00,68.75,161.3,-27.45,85,15,5.41
151,Belozerskoye,RU,2021-03-01 23:03:00,55.8214,65.5842,-5.78,98,70,4.9
152,Nemuro,JP,2021-03-01 23:03:00,43.3236,145.575,29.61,99,100,24.18
153,Bhiwani,IN,2021-03-01 23:03:00,28.7833,76.1333,57.25,32,0,6.02
154,Cockburn Town,TC,2021-03-01 23:00:16,21.4612,-71.1419,76.03,71,45,17.96
155,Vila Franca Do Campo,PT,2021-03-01 23:03:01,37.7167,-25.4333,50.0,81,20,2.3
156,Luderitz,NA,2021-03-01 23:03:01,-26.6481,15.1594,68.72,71,0,9.17
157,Lodwar,KE,2021-03-01 23:02:15,3.1191,35.5973,86.04,32,0,6.51
158,Mahebourg,MU,2021-03-01 23:03:01,-20.4081,57.7,78.8,78,40,8.05
159,Aquiraz,BR,2021-03-01 23:03:02,-3.9014,-38.3911,82.4,74,20,8.05
160,The Hague,NL,2021-03-01 23:03:02,52.0767,4.2986,42.01,87,0,5.75
161,Carnarvon,AU,2021-03-01 23:03:02,-24.8667,113.6333,73.4,88,12,10.36
162,Tasiilaq,GL,2021-03-01 23:03:03,65.6145,-37.6368,12.2,57,2,4.61
163,Aberdeen,GB,2021-03-01 23:03:03,57.1437,-2.0981,37.4,100,90,3.44
164,San Rafael,AR,2021-03-01 23:00:41,-34.6177,-68.3301,87.6,29,3,11.23
165,Valleyview,CA,2021-03-01 23:00:42,55.0667,-117.2859,37.4,70,100,5.75
166,Sitka,US,2021-03-01 23:03:04,57.0531,-135.33,35.6,87,90,12.66
167,Jingdezhen,CN,2021-03-01 23:03:04,29.2947,117.2079,44.46,93,51,4.07
168,Porto Novo,BJ,2021-03-01 23:03:04,6.4965,2.6036,84.2,89,20,11.5
169,Bud,US,2021-03-01 23:03:05,39.447,-86.1758,37.99,59,3,11.03
170,Yellowknife,CA,2021-03-01 23:01:14,62.456,-114.3525,-2.0,46,75,9.22
171,Klaksvik,FO,2021-03-01 23:03:06,62.2266,-6.589,44.6,100,75,8.05
172,Qaanaaq,GL,2021-03-01 23:03:06,77.484,-69.3632,-14.8,76,100,2.66
173,Davila,PH,2021-03-01 23:03:06,18.4726,120.5763,75.2,94,20,1.14
174,Srednekolymsk,RU,2021-03-01 23:03:07,67.45,153.6833,-34.06,82,94,9.06
175,Severo-Kurilsk,RU,2021-03-01 23:03:07,50.6789,156.125,23.63,88,100,19.39
176,Bazaliya,UA,2021-03-01 23:03:07,49.7127,26.4733,32.77,95,71,7.36
177,Miranda,CO,2021-03-01 23:03:08,3.2499,-76.2281,68.0,83,75,11.5
178,Perth,AU,2021-03-01 23:01:28,-31.9333,115.8333,68.0,82,75,9.22
179,Adiake,CI,2021-03-01 23:03:08,5.2863,-3.304,82.4,89,20,8.05
180,Saskylakh,RU,2021-03-01 23:03:09,71.9167,114.0833,-38.36,81,98,2.26
181,Bathsheba,BB,2021-03-01 23:01:11,13.2167,-59.5167,77.0,61,40,17.27
182,Warrnambool,AU,2021-03-01 23:03:09,-38.3833,142.4833,60.01,56,99,13.65
183,Hofn,IS,2021-03-01 23:03:10,64.2539,-15.2082,40.08,53,100,7.81
184,Khatanga,RU,2021-03-01 23:03:10,71.9667,102.5,-32.66,85,97,3.76
185,Sanchor,IN,2021-03-01 23:03:10,24.7553,71.7722,58.23,39,0,4.05
186,Chumikan,RU,2021-03-01 23:03:11,54.7183,135.315,-15.63,81,2,19.3
187,Turka,UA,2021-03-01 23:03:11,49.1541,23.0297,30.99,89,10,1.9
188,Oriximina,BR,2021-03-01 23:03:11,-1.7656,-55.8661,73.22,94,100,0.56
189,Kangaatsiaq,GL,2021-03-01 23:03:11,68.3065,-53.4641,0.3,82,94,11.3
190,Kavaratti,IN,2021-03-01 23:03:12,10.5669,72.642,80.58,73,0,4.29
191,Chuy,UY,2021-03-01 23:03:12,-33.6971,-53.4616,71.96,87,91,12.44
192,Eyl,SO,2021-03-01 23:03:12,7.9803,49.8164,73.89,85,15,12.46
193,Sorland,NO,2021-03-01 23:03:13,67.667,12.6934,39.94,72,80,30.8
194,Pangody,RU,2021-03-01 23:03:13,65.85,74.4859,-10.5,88,100,18.25
195,Eyemouth,GB,2021-03-01 23:00:34,55.8713,-2.0901,37.99,95,3,7.78
196,Isla Vista,US,2021-03-01 23:03:15,34.4133,-119.861,69.01,15,1,5.75
197,Lewiston,US,2021-03-01 23:03:15,44.1003,-70.2148,37.4,75,40,9.22
198,Carutapera,BR,2021-03-01 23:03:15,-1.195,-46.02,75.74,91,83,4.63
199,Ziarat,PK,2021-03-01 23:03:16,30.3823,67.7282,36.36,57,8,0.94
200,Rodopolis,GR,2021-03-01 23:03:16,41.2578,22.9983,44.01,72,41,2.55
201,Upernavik,GL,2021-03-01 23:03:16,72.7868,-56.1549,-5.78,77,91,9.06
202,Nalut,LY,2021-03-01 23:03:16,30.3333,10.85,55.08,28,0,12.82
203,Sorong,ID,2021-03-01 23:03:17,-0.8833,131.25,80.24,78,100,5.26
204,Rawson,AR,2021-03-01 23:02:02,-43.3002,-65.1023,69.8,64,75,29.93
205,San Cristobal,VE,2021-03-01 23:00:56,7.7669,-72.225,82.4,61,40,9.22
206,Leningradskiy,RU,2021-03-01 23:03:18,69.3833,178.4167,-19.07,85,98,3.91
207,Mehamn,NO,2021-03-01 23:03:18,71.0357,27.8492,28.4,93,90,31.07
208,Santiago,CL,2021-03-01 23:00:00,-33.4569,-70.6483,79.0,50,75,5.75
209,San Lorenzo,PY,2021-03-01 23:03:18,-25.3333,-57.5333,84.2,61,40,4.61
210,Paralimni,CY,2021-03-01 23:03:18,35.0375,33.9833,57.0,82,40,5.75
211,Guerrero Negro,MX,2021-03-01 23:03:19,27.9769,-114.0611,72.0,19,0,10.25
212,Caucaia,BR,2021-03-01 23:03:18,-3.7361,-38.6531,82.4,74,20,8.05
213,Mokhsogollokh,RU,2021-03-01 23:03:19,61.4681,128.9203,-32.04,83,63,3.6
214,Nome,US,2021-03-01 23:03:20,64.5011,-165.4064,1.4,60,90,8.05
215,Bukama,CD,2021-03-01 23:03:20,-9.2,25.85,70.54,90,96,2.64
216,Huarmey,PE,2021-03-01 23:03:20,-10.0681,-78.1522,76.05,63,33,8.32
217,Elizabeth City,US,2021-03-01 23:03:21,36.2946,-76.2511,60.8,77,40,10.36
218,Otradnoye,RU,2021-03-01 23:03:21,59.7775,30.8181,34.0,91,61,10.67
219,Praia,CV,2021-03-01 23:03:21,14.9215,-23.5087,66.2,72,20,17.27
220,Pozo Colorado,PY,2021-03-01 23:03:21,-23.4923,-58.7972,86.22,46,26,6.22
221,Katsuura,JP,2021-03-01 23:03:21,35.1333,140.3,62.01,94,75,10.36
222,Mabay,PH,2021-03-01 23:03:21,6.0577,124.4666,78.91,76,2,3.65
223,Olinda,BR,2021-03-01 23:02:15,-8.0089,-34.8553,73.4,83,75,5.75
224,Dunedin,NZ,2021-03-01 22:59:29,-45.8742,170.5036,64.0,87,34,13.0
225,Hayama,JP,2021-03-01 23:02:13,35.2667,139.5833,62.01,100,56,5.01
226,Takoradi,GH,2021-03-01 23:03:22,4.8845,-1.7554,79.29,88,95,7.07
227,Lazaro Cardenas,MX,2021-03-01 23:00:55,17.9583,-102.2,79.23,65,0,4.97
228,Salalah,OM,2021-03-01 23:03:23,17.0151,54.0924,71.6,43,0,1.14
229,Grass Valley,US,2021-03-01 23:00:59,39.2191,-121.0611,62.01,21,0,4.61
230,Kavieng,PG,2021-03-01 23:03:23,-2.5744,150.7967,83.95,74,93,10.33
231,Acarau,BR,2021-03-01 22:59:58,-2.8856,-40.12,78.98,80,100,11.72
232,Blackwater,AU,2021-03-01 23:01:55,-23.5833,148.8833,79.83,66,100,9.91
233,Sobolevo,RU,2021-03-01 23:03:24,54.4299,31.8996,34.45,92,97,12.95
234,Togur,RU,2021-03-01 23:03:25,58.3631,82.8265,-16.78,88,85,6.35
235,Tual,ID,2021-03-01 23:03:25,-5.6667,132.75,83.62,73,100,11.32
236,Caconda,AO,2021-03-01 23:03:25,-13.7333,15.0667,61.38,85,87,1.05
237,Muisne,EC,2021-03-01 23:03:26,0.6,-80.0333,78.8,94,75,2.3
238,Pinawa,CA,2021-03-01 23:03:26,50.1489,-95.8811,9.5,73,93,9.93
239,Candolim,IN,2021-03-01 23:03:26,15.5181,73.7626,78.8,100,40,2.3
240,Portland,US,2021-03-01 23:00:00,45.5234,-122.6762,61.0,47,75,1.07
241,Mareeba,AU,2021-03-01 23:03:26,-17.0,145.4333,75.2,88,75,6.91
242,Ostersund,SE,2021-03-01 23:03:27,63.1792,14.6357,33.8,93,75,24.16
243,Airai,TL,2021-03-01 23:03:27,-8.9266,125.4092,62.71,100,82,1.48
244,Kinsale,IE,2021-03-01 23:03:27,51.7075,-8.5306,41.0,87,75,5.75
245,Yuanping,CN,2021-03-01 23:03:27,38.7153,112.7575,32.09,43,0,0.98
246,Saint-Georges,GD,2021-03-01 23:03:28,12.0564,-61.7485,80.6,57,20,14.97
247,Mosjoen,NO,2021-03-01 23:03:06,65.836,13.1908,39.0,75,40,8.05
248,Barsovo,RU,2021-03-01 23:03:28,61.1667,73.1667,-11.2,77,0,4.47
249,Tiksi,RU,2021-03-01 23:03:28,71.6872,128.8694,-30.95,85,100,2.57
250,Caxito,AO,2021-03-01 23:03:29,-8.5785,13.6643,80.6,78,75,9.22
251,Khani,GE,2021-03-01 23:03:29,41.9563,42.9566,33.8,100,75,3.44
252,Bull Savanna,JM,2021-03-01 23:03:29,17.8868,-77.5902,76.8,74,2,11.74
253,Cidreira,BR,2021-03-01 23:03:30,-30.1811,-50.2056,74.64,85,39,18.52
254,Terekli-Mekteb,RU,2021-03-01 23:03:30,44.1671,45.8698,34.72,84,38,5.35
255,Sao Felix Do Xingu,BR,2021-03-01 23:03:30,-6.6447,-51.995,71.87,99,100,1.9
256,Maceio,BR,2021-03-01 23:03:30,-9.6658,-35.7353,73.4,94,75,6.91
257,Nagua,DO,2021-03-01 23:02:01,19.3832,-69.8474,73.0,78,20,1.01
258,Amur,RU,2021-03-01 23:03:31,54.0,128.0,-22.45,87,0,1.45
259,Jilin,CN,2021-03-01 23:03:31,43.0,126.0,8.69,86,0,0.92
260,Damietta,EG,2021-03-01 23:03:31,31.4165,31.8133,59.0,72,40,11.5
261,Lompoc,US,2021-03-01 23:03:32,34.6391,-120.4579,71.6,14,1,9.22
262,Encruzilhada Do Sul,BR,2021-03-01 23:03:32,-30.5439,-52.5219,69.82,90,1,9.04
263,Salamiyah,SY,2021-03-01 23:03:32,35.0113,37.0532,46.96,88,0,3.49
264,Yar-Sale,RU,2021-03-01 23:03:32,66.8333,70.8333,-4.27,89,100,18.7
265,Saint George,US,2021-03-01 23:00:04,37.1041,-113.5841,60.01,12,1,4.61
266,Arroyo,ES,2021-03-01 23:03:33,41.6096,-4.7969,44.6,81,0,9.22
267,Saint-Francois,FR,2021-03-01 23:03:33,46.4154,3.9054,46.0,87,0,4.88
268,Watsa,CD,2021-03-01 23:03:34,3.0372,29.5355,70.99,43,7,1.92
269,Zabol,AF,2021-03-01 23:03:34,32.25,67.25,40.86,59,50,1.43
270,Turukhansk,RU,2021-03-01 23:03:35,65.8167,87.9833,-30.73,79,1,7.72
271,Termiz,UZ,2021-03-01 23:03:35,37.2242,67.2783,44.6,57,0,4.61
272,Ndele,CF,2021-03-01 23:03:35,8.4109,20.6473,79.29,16,0,9.06
273,Vostok,RU,2021-03-01 23:03:36,46.4856,135.8833,-5.26,90,9,1.05
274,Kattivakkam,IN,2021-03-01 23:03:36,13.2167,80.3167,75.2,88,40,6.91
275,Kaitangata,NZ,2021-03-01 23:03:36,-46.2817,169.8464,68.0,83,23,3.44
276,Pangnirtung,CA,2021-03-01 23:03:36,66.1451,-65.7125,-0.4,55,90,8.05
277,San Patricio,US,2021-03-01 23:03:37,28.017,-97.5169,57.2,94,90,24.16
278,Mitu,CO,2021-03-01 23:03:37,1.1983,-70.1733,78.37,73,83,3.15
279,Te Anau,NZ,2021-03-01 23:03:37,-45.4167,167.7167,59.34,89,96,2.51
280,Basoko,CD,2021-03-01 23:03:37,1.2391,23.616,77.74,47,0,3.06
281,Lagoa,PT,2021-03-01 23:03:38,39.05,-27.9833,56.46,67,88,14.54
282,Dondo,MZ,2021-03-01 23:03:38,-19.6094,34.7431,70.34,96,52,9.6
283,Prieska,ZA,2021-03-01 23:03:38,-29.6641,22.7474,74.97,38,1,5.84
284,Ostrovnoy,RU,2021-03-01 23:03:38,68.0531,39.5131,25.0,92,98,17.11
285,Norman Wells,CA,2021-03-01 23:03:39,65.282,-126.8329,-14.8,64,75,10.36
286,Boende,CD,2021-03-01 23:03:39,-0.2167,20.8667,79.74,50,53,1.79
287,Gvardeysk,RU,2021-03-01 23:03:39,54.6477,21.0651,37.4,93,90,15.66
288,Lasa,IT,2021-03-01 23:03:40,46.6166,10.7002,41.0,69,0,5.75
289,Luebo,CD,2021-03-01 23:03:40,-5.35,21.4167,72.32,89,100,3.22
290,Kuching,MY,2021-03-01 23:03:40,1.55,110.3333,77.0,100,40,1.14
291,Zhigansk,RU,2021-03-01 23:03:41,66.7697,123.3711,-27.06,95,94,3.91
292,Abonnema,NG,2021-03-01 23:02:13,4.7084,6.7931,82.4,89,40,3.44
293,Lisakovsk,KZ,2021-03-01 23:03:41,52.5369,62.4936,2.73,94,76,5.01
294,Kibala,TD,2021-03-01 23:03:41,9.1104,18.3463,80.6,32,0,5.3
295,Grindavik,IS,2021-03-01 23:00:17,63.8424,-22.4338,37.4,81,90,6.91
296,Paamiut,GL,2021-03-01 23:03:42,61.994,-49.6678,14.76,76,0,7.56
297,Fort William,GB,2021-03-01 23:03:42,56.8165,-5.1121,42.01,91,11,1.01
298,Caravelas,BR,2021-03-01 23:03:42,-17.7125,-39.2481,75.78,86,22,7.0
299,Artigas,UY,2021-03-01 23:03:42,-30.4,-56.4667,80.28,59,7,13.31
300,Kaeo,NZ,2021-03-01 23:03:43,-35.1,173.7833,79.0,68,2,7.0
301,Xam Nua,LA,2021-03-01 23:03:43,20.4197,104.0439,63.54,90,65,2.62
302,Esfarayen,IR,2021-03-01 23:03:43,37.0765,57.5101,39.2,70,0,4.61
303,Biltine,TD,2021-03-01 23:03:44,14.5333,20.9167,74.34,17,37,20.54
304,Ormara,PK,2021-03-01 23:03:44,25.2088,64.6357,71.15,45,0,4.65
305,Gat,IL,2021-03-01 23:03:44,31.61,34.7642,54.0,100,2,6.55
306,Moyale,KE,2021-03-01 23:02:15,3.5167,39.0584,73.81,31,0,10.22
307,Lavrentiya,RU,2021-03-01 23:03:45,65.5833,-171.0,-15.09,85,100,15.43
308,Maldonado,UY,2021-03-01 23:03:45,-34.6667,-54.9167,73.0,94,40,10.36
309,Baykit,RU,2021-03-01 23:03:45,61.67,96.37,-32.39,96,34,2.21
310,Port Lincoln,AU,2021-03-01 23:03:46,-34.7333,135.8667,61.11,72,100,21.79
311,Cuamba,MZ,2021-03-01 23:03:46,-14.8031,36.5372,66.87,95,100,5.35
312,Tuatapere,NZ,2021-03-01 23:03:46,-46.1333,167.6833,71.01,80,72,1.99
313,Sechura,PE,2021-03-01 23:02:22,-5.5569,-80.8222,78.96,63,18,15.14
314,Manavalakurichi,IN,2021-03-01 23:03:46,8.1333,77.3,80.6,83,20,5.39
315,Rocha,UY,2021-03-01 23:03:47,-34.4833,-54.3333,68.95,92,93,8.28
316,Nanning,CN,2021-03-01 23:03:47,22.8167,108.3167,57.2,72,0,8.95
317,Sao Joao Da Barra,BR,2021-03-01 23:02:55,-21.6403,-41.0511,76.44,86,82,10.92
318,Buraydah,SA,2021-03-01 23:03:48,26.326,43.975,57.2,72,0,8.05
319,Conakry,GN,2021-03-01 23:03:48,9.538,-13.6773,82.4,69,71,6.91
320,Hovd,MN,2021-03-01 23:03:48,48.0056,91.6419,19.94,78,99,9.62
321,Kholuy,RU,2021-03-01 23:03:49,56.575,41.8692,34.74,94,100,13.73
322,Fare,PF,2021-03-01 23:03:49,-16.7,-151.0167,83.28,68,93,4.97
323,Naze,JP,2021-03-01 23:03:49,28.3667,129.4833,64.4,88,75,12.66
324,Atar,MR,2021-03-01 23:02:16,20.5169,-13.0499,65.19,28,0,11.16
325,Rafai,CF,2021-03-01 23:03:49,4.95,23.9167,73.22,22,0,4.5
326,Kingaroy,AU,2021-03-01 23:01:15,-26.5333,151.8333,84.0,83,42,1.14
327,Sangar,RU,2021-03-01 23:03:50,63.9242,127.4739,-27.08,85,100,3.58
328,Eureka,US,2021-03-01 23:03:00,40.8021,-124.1637,54.0,72,11,5.99
329,Yakeshi,CN,2021-03-01 23:03:50,49.2833,120.7333,-15.43,88,71,3.18
330,Gamba,GA,2021-03-01 23:03:50,-2.65,10.0,78.93,88,100,6.82
331,Faanui,PF,2021-03-01 23:03:51,-16.4833,-151.75,83.12,68,100,4.21
332,Charlestown,AU,2021-03-01 23:03:51,-32.95,151.6667,75.99,69,40,10.36
333,Sao Desiderio,BR,2021-03-01 23:03:51,-12.3633,-44.9733,71.2,89,94,3.76
334,Turan,VN,2021-03-01 23:02:49,16.0678,108.2208,77.0,94,75,4.61
335,Vestmannaeyjar,IS,2021-03-01 23:03:52,63.4427,-20.2734,40.86,73,100,13.85
336,Aripuana,BR,2021-03-01 23:03:52,-9.1667,-60.6333,73.71,97,77,1.81
337,Pyay,MM,2021-03-01 23:03:52,18.8167,95.2167,65.08,55,6,0.89
338,Shimoda,JP,2021-03-01 23:03:53,34.6667,138.95,55.0,89,64,1.01
339,Chaoyang,CN,2021-03-01 23:03:53,41.5703,120.4586,14.9,56,3,0.98
340,Kendari,ID,2021-03-01 23:02:36,-3.945,122.4989,76.17,87,100,2.62
341,Shaoguan,CN,2021-03-01 23:03:53,24.8,113.5833,51.49,75,54,3.51
342,Bagotville,AU,2021-03-01 23:03:54,-28.9833,153.4167,77.0,83,1,3.44
343,Tanggu,CN,2021-03-01 23:03:54,39.0211,117.6469,30.2,86,75,4.47
344,Plaeng Yao,TH,2021-03-01 23:03:55,13.5847,101.284,84.99,74,86,3.13
345,Sao Gabriel,BR,2021-03-01 23:02:16,-30.3364,-54.32,77.11,72,60,12.26
346,Lata,PT,2021-03-01 23:03:55,40.1629,-8.3327,57.0,85,81,1.83
347,Beatrice,US,2021-03-01 23:03:55,40.2681,-96.747,46.99,49,1,5.64
348,Yulara,AU,2021-03-01 23:03:56,-25.2406,130.9889,75.2,31,0,6.91
349,Boa Vista,BR,2021-03-01 23:03:56,2.8197,-60.6733,84.2,54,90,12.66
350,Corowa,AU,2021-03-01 23:03:56,-36.0333,146.3833,59.0,47,0,5.01
351,Oranjemund,NA,2021-03-01 23:03:57,-28.55,16.4333,66.34,78,0,2.91
352,Haines Junction,CA,2021-03-01 23:03:57,60.7522,-137.5108,32.0,55,100,11.5
353,Weiser,US,2021-03-01 23:02:43,44.251,-116.9693,48.2,43,1,11.5
354,Arlit,NE,2021-03-01 23:03:58,18.7369,7.3853,78.19,17,98,4.72
355,Vrangel,RU,2021-03-01 23:03:58,42.7297,133.0839,15.19,73,100,14.85
356,Beringovskiy,RU,2021-03-01 23:03:58,63.05,179.3167,-7.74,87,100,26.24
357,Outram,MY,2021-03-01 23:03:59,1.2829,103.8379,77.0,88,75,9.22
358,Talaya,RU,2021-03-01 23:03:59,61.3833,152.75,-23.53,81,100,2.3
359,Scordia,IT,2021-03-01 23:03:59,37.2981,14.8408,57.2,82,40,2.3
360,Bilma,NE,2021-03-01 23:04:00,18.6853,12.9164,70.05,20,24,6.2
361,Oistins,BB,2021-03-01 23:04:00,13.0667,-59.5333,77.0,61,40,14.97
362,Kupang,ID,2021-03-01 23:04:00,-10.1667,123.5833,75.2,100,90,2.3
363,Broome,US,2021-03-01 22:59:29,42.2506,-75.833,30.99,86,90,16.11
364,Olhao,PT,2021-03-01 23:04:01,37.0286,-7.8411,57.2,82,20,9.22
365,Alofi,NU,2021-03-01 23:04:01,-19.0595,-169.9187,86.0,70,75,8.05
366,Palmer,US,2021-03-01 23:04:02,42.1584,-72.3287,35.6,51,75,19.57
367,Mitsamiouli,KM,2021-03-01 23:04:02,-11.3847,43.2844,82.33,79,79,6.93
368,Stornoway,GB,2021-03-01 23:04:02,58.2093,-6.3865,33.8,93,8,2.3
369,Binzhou,CN,2021-03-01 23:04:03,37.3667,118.0167,28.56,87,0,3.44
370,Nagercoil,IN,2021-03-01 23:04:03,8.1667,77.4333,80.6,83,20,6.55
371,Harsin,IR,2021-03-01 23:04:03,34.2721,47.5861,44.6,61,75,9.22
372,Iquitos,PE,2021-03-01 22:59:37,-3.7481,-73.2472,84.2,70,40,9.22
373,La Ronge,CA,2021-03-01 23:04:03,55.1001,-105.2842,21.2,63,100,5.75
374,Severobaykalsk,RU,2021-03-01 23:04:04,55.65,109.3167,-6.05,89,100,4.52
375,Geraldton,AU,2021-03-01 23:04:04,-28.7667,114.6,66.2,88,75,1.14
376,Richards Bay,ZA,2021-03-01 23:04:05,-28.783,32.0377,67.62,86,1,3.71
377,Vila,PT,2021-03-01 23:04:05,42.0304,-8.1588,50.0,89,84,8.01
378,Shache,CN,2021-03-01 23:04:05,38.4167,77.2406,32.7,86,0,2.93
379,Parsons,US,2021-03-01 23:04:06,37.3403,-95.2611,57.2,26,1,4.03
380,Batagay,RU,2021-03-01 23:04:06,67.6333,134.6333,-35.72,80,82,0.45
381,Leshukonskoye,RU,2021-03-01 23:04:06,64.8989,45.7622,27.72,96,96,6.17
382,Pombia,IT,2021-03-01 23:04:07,45.653,8.6336,44.01,80,0,6.91
383,Parry Sound,CA,2021-03-01 23:00:03,45.3501,-80.033,14.0,79,96,13.65
384,Marienburg,PL,2021-03-01 23:04:07,54.0359,19.0266,36.0,100,0,8.21
385,Druzhba,UA,2021-03-01 23:04:07,52.0428,33.9453,31.53,97,95,13.62
386,Shizilu,CN,2021-03-01 23:04:08,35.1711,118.8289,28.74,88,0,2.73
387,Korsakovo,RU,2021-03-01 23:04:09,53.2677,37.3569,32.27,97,100,17.13
388,Akdepe,TM,2021-03-01 23:04:09,42.0551,59.3788,35.6,87,0,11.5
389,Nelson Bay,AU,2021-03-01 23:04:09,-32.7167,152.15,75.2,69,40,10.36
390,Kraksaan,ID,2021-03-01 23:04:10,-7.7585,113.3962,76.98,86,36,2.91
391,Carmen,MX,2021-03-01 23:04:06,18.6333,-91.8333,93.2,43,1,9.22
392,Pishva,IR,2021-03-01 23:04:10,35.308,51.7267,48.2,65,0,4.61
393,Ancud,CL,2021-03-01 23:04:10,-41.8697,-73.8203,62.01,94,90,4.61
394,Linguere,SN,2021-03-01 23:04:11,15.3953,-15.1193,80.6,24,0,4.61
395,Jiuquan,CN,2021-03-01 23:04:11,39.7432,98.5174,27.66,50,14,2.71
396,Jacareacanga,BR,2021-03-01 23:04:11,-6.2222,-57.7528,71.64,98,100,1.25
397,Senj,HR,2021-03-01 23:04:11,44.9894,14.9058,50.0,43,0,5.75
398,Halifax,CA,2021-03-01 23:01:00,44.6453,-63.5724,37.99,93,100,19.57
399,Serafimovich,RU,2021-03-01 23:04:12,49.5786,42.736,27.32,78,65,7.72
400,Kolosovka,RU,2021-03-01 23:04:12,56.4678,73.611,-1.75,93,86,2.08
401,Beira,MZ,2021-03-01 23:04:12,-19.8436,34.8389,74.21,87,49,13.29
402,Linhares,BR,2021-03-01 23:04:12,-19.3911,-40.0722,72.63,92,93,3.56
403,Mokolo,CM,2021-03-01 23:04:13,10.7398,13.8019,74.08,20,0,7.49
404,Erzin,TR,2021-03-01 23:04:13,36.9559,36.2,48.99,42,0,8.01
405,Darab,IR,2021-03-01 23:04:13,28.7519,54.5444,54.21,48,56,1.59
406,Teya,RU,2021-03-01 23:04:13,60.3778,92.6267,-26.14,98,2,2.21
407,Kawalu,ID,2021-03-01 23:04:13,-7.3817,108.2082,73.42,87,99,2.46
408,Rosarito,MX,2021-03-01 23:04:14,32.3333,-117.0333,73.4,30,1,13.8
409,Clyde River,CA,2021-03-01 23:04:14,70.4692,-68.5914,-13.0,64,75,13.8
410,Hearst,CA,2021-03-01 23:04:15,49.6835,-83.6665,1.4,60,100,9.22
411,Vila Velha,BR,2021-03-01 23:03:20,-20.3297,-40.2925,84.0,78,40,5.75
412,Nagato,JP,2021-03-01 23:01:53,34.3833,131.2,48.2,87,75,11.5
413,Brae,GB,2021-03-01 23:04:16,60.3964,-1.353,44.6,87,90,6.91
414,Ulaangom,MN,2021-03-01 23:04:16,49.9811,92.0667,-9.92,88,97,2.15
415,Emerald,AU,2021-03-01 23:04:16,-23.5333,148.1667,84.0,61,99,6.91
416,Newport,GB,2021-03-01 23:03:54,51.5877,-2.9984,41.0,89,3,9.66
417,Kharitonovo,RU,2021-03-01 23:04:17,61.4009,47.4978,33.15,95,100,9.42
418,Karpathos,GR,2021-03-01 23:04:17,35.507,27.2132,55.4,47,0,19.57
419,Bacolod,PH,2021-03-01 23:04:17,10.6667,122.95,78.67,79,97,8.52
420,La Palma,US,2021-03-01 23:04:18,33.8464,-118.0467,75.0,10,1,8.05
421,Hasaki,JP,2021-03-01 23:04:18,35.7333,140.8333,59.0,94,75,8.05
422,Payo,ID,2021-03-01 23:04:19,-3.7508,103.6372,72.91,96,99,2.33
423,Alice Springs,AU,2021-03-01 23:04:19,-23.7,133.8833,87.01,21,6,12.08
424,Hastings,GB,2021-03-01 23:01:34,50.8552,0.5729,39.99,86,0,3.0
425,Outjo,NA,2021-03-01 23:04:19,-20.1167,16.15,66.88,61,3,9.66
426,Petropavlovsk-Kamchatskiy,RU,2021-03-01 23:03:58,53.0452,158.6483,24.8,39,0,11.18
427,Road Town,VG,2021-03-01 23:04:20,18.4167,-64.6167,77.0,69,40,19.57
428,Burley,US,2021-03-01 23:04:17,42.5357,-113.7928,48.2,31,1,5.75
429,Pacific Grove,US,2021-03-01 23:04:20,36.6177,-121.9166,64.99,55,1,5.75
430,Kirakira,SB,2021-03-01 23:04:21,-10.4544,161.9205,84.38,72,83,7.92
431,Padang,ID,2021-03-01 23:04:21,-0.9492,100.3543,77.0,94,40,1.14
432,Okhotsk,RU,2021-03-01 23:04:22,59.3833,143.3,2.7,93,100,7.78
433,Port Hedland,AU,2021-03-01 23:04:22,-20.3167,118.5667,80.6,89,75,4.61
434,Kahului,US,2021-03-01 23:04:22,20.8947,-156.47,78.8,53,40,18.41
435,Anadyr,RU,2021-03-01 23:04:23,64.75,177.4833,-11.0,70,92,11.18
436,Grand Gaube,MU,2021-03-01 23:04:23,-20.0064,57.6608,75.99,78,5,5.99
437,Tiarei,PF,2021-03-01 23:04:24,-17.5333,-149.3333,86.0,74,20,5.75
438,Lovington,US,2021-03-01 23:04:24,32.944,-103.3485,48.99,49,1,11.5
439,Zaozerne,UA,2021-03-01 23:04:24,45.1582,33.2787,39.0,59,7,1.01
440,Cabo San Lucas,MX,2021-03-01 22:59:44,22.8909,-109.9124,81.0,56,40,10.36
441,Jimeta,NG,2021-03-01 23:04:25,9.2833,12.4667,82.4,42,0,3.27
442,Sinnamary,GF,2021-03-01 23:04:25,5.3833,-52.95,75.88,88,67,7.29
443,Verkhnyaya Inta,RU,2021-03-01 23:04:25,65.9811,60.3094,13.1,93,100,14.9
444,Port Augusta,AU,2021-03-01 23:04:26,-32.5,137.7667,69.8,60,75,10.36
445,Chimore,BO,2021-03-01 23:04:26,-16.9833,-65.1333,82.69,58,41,1.99
446,Whitehorse,CA,2021-03-01 23:00:44,60.7161,-135.0538,24.01,86,90,19.57
447,Marawi,PH,2021-03-01 23:04:26,7.9986,124.2928,75.99,86,17,5.99
448,Deputatskiy,RU,2021-03-01 23:04:27,69.3,139.9,-31.59,86,83,0.45
449,Maglavit,RO,2021-03-01 23:04:27,44.0333,23.1,39.0,85,32,6.31
450,Kutahya,TR,2021-03-01 23:00:54,39.4242,29.9833,35.6,69,75,9.22
451,Ulaanbaatar,MN,2021-03-01 23:04:28,47.9077,106.8832,-7.6,77,0,2.1
452,Kiboga,UG,2021-03-01 23:04:28,0.9161,31.7742,68.67,72,64,3.06
453,Valparaiso,CL,2021-03-01 23:00:04,-33.0393,-71.6273,61.0,100,90,3.44
454,Santiago Del Estero,AR,2021-03-01 23:04:29,-27.7951,-64.2615,86.83,36,100,3.31
455,Belaya Gora,RU,2021-03-01 23:04:29,68.5333,146.4167,-34.24,83,100,3.78
456,Shahrud,IR,2021-03-01 23:04:29,36.4182,54.9763,39.92,53,36,6.91
457,Tulun,RU,2021-03-01 23:04:29,54.5611,100.5792,-0.02,92,100,1.34
458,Taber,CA,2021-03-01 23:04:30,49.8167,-112.1518,51.8,43,100,21.85
459,Saint-Pierre,RE,2021-03-01 23:04:30,-21.3393,55.4781,75.0,64,0,2.3
460,Jedrzejow,PL,2021-03-01 23:04:30,50.6394,20.3045,37.0,79,0,4.0
461,Thinadhoo,MV,2021-03-01 23:04:31,0.5333,72.9333,81.61,72,83,7.72
462,Palana,RU,2021-03-01 23:04:31,59.1167,159.9667,-2.06,90,100,0.6
463,Plettenberg Bay,ZA,2021-03-01 23:04:31,-34.0527,23.3716,71.58,83,99,9.46
464,Ulladulla,AU,2021-03-01 23:04:32,-35.35,150.4667,66.2,77,75,12.66
465,Marsa Matruh,EG,2021-03-01 23:04:32,31.3525,27.2453,53.6,71,0,8.37
466,Nishihara,JP,2021-03-01 23:04:32,26.1842,127.7558,66.2,82,90,21.85
467,Forbes,AU,2021-03-01 23:04:33,-33.3833,148.0167,68.72,39,0,8.48
468,Isangel,VU,2021-03-01 23:04:33,-19.55,169.2667,82.4,78,40,13.4
469,Totoral,PE,2021-03-01 23:04:33,-17.4053,-70.365,63.39,69,88,5.95
470,Chingirlau,KZ,2021-03-01 23:04:33,51.095,54.0814,-7.65,98,75,6.38
471,Verkhneuralsk,RU,2021-03-01 23:04:34,53.8769,59.2106,5.0,85,75,2.15
472,Auki,SB,2021-03-01 23:04:34,-8.7676,160.7034,82.53,76,100,7.4
473,Georgiyevskoye,RU,2021-03-01 23:04:35,58.731,45.024,33.57,98,100,10.85
474,Tsumeb,NA,2021-03-01 23:04:35,-19.2333,17.7167,60.8,82,6,3.44
475,Gillette,US,2021-03-01 23:04:35,44.2911,-105.5022,44.6,53,1,18.41
476,Sheopur,IN,2021-03-01 23:04:36,25.6667,76.7,61.52,27,0,5.28
477,Ladwa,IN,2021-03-01 23:04:36,29.9944,77.0444,54.63,37,0,8.59
478,Caramay,PH,2021-03-01 23:04:37,10.1815,119.236,78.48,83,94,6.2
479,Lensk,RU,2021-03-01 23:01:24,60.7253,114.9278,-26.88,83,73,3.18
480,Wad Madani,SD,2021-03-01 23:04:37,14.4012,33.5199,71.82,19,0,17.09
481,Biak,ID,2021-03-01 23:04:37,-0.9131,122.8766,77.23,80,96,4.18
482,Bastia,FR,2021-03-01 23:04:38,42.6667,9.3333,48.0,87,0,4.61
483,Alexandria,EG,2021-03-01 23:04:04,31.2156,29.9553,57.2,62,40,14.97
484,Marsh Harbour,BS,2021-03-01 23:04:38,26.5412,-77.0636,76.19,75,39,7.09
485,Henties Bay,NA,2021-03-01 23:04:38,-22.116,14.2845,66.99,89,17,5.57
486,Sinaloa,MX,2021-03-01 23:00:12,25.0,-107.5,84.99,30,75,9.22
487,Baza,ES,2021-03-01 23:04:39,37.4907,-2.7726,46.0,87,95,6.35
488,Ondjiva,AO,2021-03-01 23:04:39,-17.0667,15.7333,68.58,67,41,8.99
489,Port Moresby,PG,2021-03-01 23:04:39,-9.4431,147.1797,75.2,88,90,13.8
490,Kushima,JP,2021-03-01 23:00:18,31.4583,131.2333,62.6,82,75,13.8
491,La Tuque,CA,2021-03-01 23:04:40,47.4334,-72.7824,12.2,67,100,16.11
492,Hamilton,US,2021-03-01 23:00:10,39.1834,-84.5333,44.01,42,75,11.5
493,Mandla,IN,2021-03-01 23:04:41,22.6,80.3833,63.63,29,0,3.31
494,Tshela,CD,2021-03-01 23:04:41,-4.9833,12.9333,74.79,96,100,0.76
495,Bandarbeyla,SO,2021-03-01 23:04:41,9.4942,50.8122,75.96,82,30,11.88
496,Yichang,CN,2021-03-01 23:04:41,30.7144,111.2847,44.01,84,53,1.01
497,Raudeberg,NO,2021-03-01 23:04:42,61.9875,5.1352,44.01,96,100,20.02
498,Arcachon,FR,2021-03-01 23:04:42,44.5875,-1.0519,53.6,81,0,3.44
499,Ilulissat,GL,2021-03-01 23:04:42,69.2167,-51.1,6.8,47,99,17.27
500,San Vicente,AR,2021-03-01 23:04:43,-26.6167,-54.1333,68.95,93,69,2.66
501,Ithaki,GR,2021-03-01 23:04:43,38.3642,20.7185,53.6,71,40,9.89
502,Burnie,AU,2021-03-01 23:01:25,-41.0667,145.9167,57.99,44,5,17.0
503,Tomatlan,MX,2021-03-01 23:04:43,19.9333,-105.25,94.05,19,60,10.98
504,Cedar City,US,2021-03-01 23:03:19,37.6775,-113.0619,51.8,13,1,5.75
505,Colborne,CA,2021-03-01 23:04:44,44.0001,-77.8828,24.8,46,88,16.11
506,Kindu,CD,2021-03-01 23:04:44,-2.95,25.95,74.59,83,98,2.98
507,Mamlyutka,KZ,2021-03-01 23:04:45,54.9375,68.5394,-4.31,92,87,5.53
508,Stolac,BA,2021-03-01 23:04:45,43.0844,17.9575,48.2,43,0,2.3
509,Nara,JP,2021-03-01 23:00:25,34.6851,135.8049,57.99,94,75,1.14
510,Baymak,RU,2021-03-01 23:04:45,52.5933,58.3225,0.01,92,82,7.7
511,Sumbe,AO,2021-03-01 23:04:46,-11.2061,13.8437,77.5,83,100,6.38
512,Great Yarmouth,GB,2021-03-01 23:04:46,52.6083,1.7305,41.0,93,90,10.36
513,Senador Guiomard,BR,2021-03-01 23:01:21,-10.1522,-67.7392,80.6,89,40,6.91
514,Chifeng,CN,2021-03-01 23:04:47,42.2683,118.9636,14.16,85,0,2.64
515,Iracoubo,GF,2021-03-01 23:04:47,5.4802,-53.2011,76.23,86,40,6.78
516,Crib Point,AU,2021-03-01 23:04:47,-38.35,145.2,59.0,60,92,16.24
517,Senanga,ZM,2021-03-01 23:04:48,-16.1167,23.2667,61.3,96,99,5.48
518,Nuuk,GL,2021-03-01 23:04:48,64.1835,-51.7216,12.2,67,20,19.57
519,Omboue,GA,2021-03-01 23:04:48,-1.5746,9.2618,78.8,89,100,5.84
520,Tucuman,AR,2021-03-01 23:00:16,-26.8241,-65.2226,73.4,83,90,8.05
521,Kaya,BF,2021-03-01 23:04:49,13.0917,-1.0844,81.82,14,32,11.27
522,Faya,SA,2021-03-01 23:04:49,18.3851,42.4509,59.0,71,0,5.75
523,El Dorado,US,2021-03-01 23:04:49,38.7666,-120.5177,57.99,25,0,9.4
524,Wattegama,LK,2021-03-01 23:04:49,6.7989,81.4808,67.6,84,0,4.05
525,San Marcos De Colon,HN,2021-03-01 23:04:49,13.4333,-86.8,98.6,39,75,20.71
526,Skibotn,NO,2021-03-01 23:04:50,69.3913,20.2679,30.2,93,90,2.3
527,Katerero,TZ,2021-03-01 23:04:50,-1.4,31.7333,71.6,78,20,5.14
528,Taltal,CL,2021-03-01 23:04:51,-25.4,-70.4833,68.11,82,29,3.83
529,Havre-Saint-Pierre,CA,2021-03-01 23:04:51,50.2334,-63.5986,28.4,93,90,17.27
530,Tilichiki,RU,2021-03-01 23:04:51,60.4667,166.1,-9.85,88,89,7.34
531,Havoysund,NO,2021-03-01 23:04:52,70.9963,24.6622,30.2,69,75,16.11
532,Likasi,CD,2021-03-01 23:04:53,-10.9814,26.7333,63.66,95,98,2.44
533,Smithers,CA,2021-03-01 23:02:40,54.7804,-127.1743,37.4,65,40,4.61
534,Yiyang,CN,2021-03-01 23:04:53,28.5892,112.3283,40.86,92,13,5.73
535,Saint-Raymond,CA,2021-03-01 23:04:53,45.467,-73.6095,26.6,50,94,10.36
536,Buala,SB,2021-03-01 23:04:54,-8.145,159.5921,83.44,74,94,6.89
537,Lac Du Bonnet,CA,2021-03-01 23:04:54,50.2536,-96.0612,10.0,100,97,8.01
538,Husavik,IS,2021-03-01 23:04:55,66.0449,-17.3389,39.2,56,75,5.75
539,Katherine,AU,2021-03-01 23:04:55,-14.4667,132.2667,77.0,83,98,4.61
540,Buenavista,PH,2021-03-01 23:04:55,8.9769,125.4089,75.31,85,83,4.21
541,Katobu,ID,2021-03-01 23:04:55,-4.9408,122.5276,76.91,84,98,0.94
542,Harper,LR,2021-03-01 23:04:56,4.375,-7.7169,79.05,85,95,4.76
543,Revelstoke,CA,2021-03-01 23:03:24,50.9832,-118.2023,39.2,70,75,3.44
544,Kungurtug,RU,2021-03-01 23:04:56,50.5994,97.5228,7.12,80,98,2.62
545,Umtata,ZA,2021-03-01 23:00:18,-31.5889,28.7844,62.6,88,4,1.14
546,Roma,US,2021-03-01 23:03:47,43.2128,-75.4557,28.0,80,90,13.8
547,Mangan,IN,2021-03-01 23:04:57,27.5167,88.5333,54.82,43,54,5.82
548,Mariental,NA,2021-03-01 23:04:57,-24.6333,17.9667,75.51,39,36,10.11
549,Qinhuangdao,CN,2021-03-01 23:04:57,39.9317,119.5883,25.09,78,7,5.1
550,Abu Kamal,SY,2021-03-01 23:04:57,34.4506,40.9171,57.76,43,46,5.32
551,Nantucket,US,2021-03-01 23:04:57,41.2835,-70.0995,41.0,100,90,13.8
552,Sibolga,ID,2021-03-01 23:04:58,1.7427,98.7792,75.96,81,13,4.27
553,Oytal,KZ,2021-03-01 23:04:58,42.9057,73.2697,39.49,62,0,7.16
554,Trairi,BR,2021-03-01 23:04:59,-3.2778,-39.2689,78.3,81,83,8.39
555,Zarechnyy,RU,2021-03-01 23:04:59,53.2036,45.1923,24.01,46,97,11.43
556,Coihaique,CL,2021-03-01 23:04:59,-45.5752,-72.0662,71.6,30,0,8.05
557,Dali,CN,2021-03-01 23:04:59,25.7,100.1833,43.92,83,0,4.09
558,Lethem,GY,2021-03-01 23:05:00,3.3803,-59.7968,86.2,43,59,11.7
559,Columbus,US,2021-03-01 23:04:12,39.9612,-82.9988,39.2,52,90,18.41
560,Loudi,CN,2021-03-01 23:05:00,27.7344,111.9944,42.21,86,10,3.42
561,Kalianget,ID,2021-03-01 23:05:01,-7.05,113.9333,79.02,84,19,5.1
562,South Lake Tahoe,US,2021-03-01 23:05:01,38.9332,-119.9844,60.8,27,1,11.5
563,Brownwood,US,2021-03-01 23:05:02,31.7093,-98.9912,55.4,41,75,11.5
